id,session_id,timestamp,mudra_name,confidence,handedness
1,5,2026-09-09T21:03:16.241780,Pataka,1.0,Right
2,5,2026-09-09T21:03:16.360887,Pataka,1.0,Left
3,5,2026-09-09T21:03:16.475198,Pataka,1.0,Right
4,5,2026-09-09T21:03:16.598816,Pataka,1.0,Left
5,5,2026-09-09T21:03:16.730463,Pataka,1.0,Left
6,5,2026-09-09T21:03:16.849557,Pataka,1.0,Right
7,5,2026-09-09T21:03:16.964779,Pataka,1.0,Right
8,5,2026-09-09T21:03:17.082001,Pataka,1.0,Right
9,5,2026-09-09T21:03:17.192923,Pataka,1.0,Right
10,5,2026-09-09T21:03:17.302982,Pataka,1.0,Right
11,5,2026-09-09T21:03:17.420569,Pataka,1.0,Right
12,5,2026-09-09T21:03:17.531497,Pataka,1.0,Right
13,5,2026-09-09T21:03:17.641592,Pataka,1.0,Right
14,5,2026-09-09T21:03:17.748549,Pataka,1.0,Right
15,5,2026-09-09T21:03:17.868092,Pataka,1.0,Right
16,5,2026-09-09T21:03:17.983588,Pataka,1.0,Right
17,5,2026-09-09T21:03:18.097266,Mushti,1.0,Right
18,5,2026-09-09T21:03:18.205590,Mushti,1.0,Right
19,5,2026-09-09T21:03:18.319766,Mushti,1.0,Right
20,5,2026-09-09T21:03:18.431547,Mushti,1.0,Right
21,5,2026-09-09T21:03:18.547610,Mushti,1.0,Right
22,5,2026-09-09T21:03:18.652452,Mushti,1.0,Right
23,5,2026-09-09T21:03:18.770895,Mushti,1.0,Right
24,5,2026-09-09T21:03:18.884393,Mushti,1.0,Right
25,5,2026-09-09T21:03:19.003588,Mushti,1.0,Right
26,5,2026-09-09T21:03:19.124329,Mushti,1.0,Right
27,5,2026-09-09T21:03:19.233146,Mushti,1.0,Right
28,5,2026-09-09T21:03:19.344028,Mushti,1.0,Right
29,5,2026-09-09T21:03:19.465827,Ardhapataka,1.0,Right
30,5,2026-09-09T21:03:19.582261,Ardhapataka,1.0,Right
31,5,2026-09-09T21:03:19.693282,Ardhapataka,1.0,Right
32,5,2026-09-09T21:03:19.810307,Ardhapataka,1.0,Right
33,5,2026-09-09T21:03:19.920058,Ardhapataka,1.0,Right
34,5,2026-09-09T21:03:20.033183,Ardhapataka,1.0,Right
35,5,2026-09-09T21:03:20.151604,Ardhapataka,1.0,Right
36,5,2026-09-09T21:03:20.258624,Ardhapataka,1.0,Right
37,5,2026-09-09T21:03:20.399864,Ardhapataka,1.0,Right
38,5,2026-09-09T21:03:20.519346,Ardhapataka,1.0,Right
39,5,2026-09-09T21:03:20.651443,Ardhapataka,1.0,Right
40,5,2026-09-09T21:03:20.803871,Ardhapataka,1.0,Right
41,5,2026-09-09T21:03:20.955691,Ardhapataka,1.0,Right
42,5,2026-09-09T21:03:21.162985,Trishula,1.0,Right
43,5,2026-09-09T21:03:21.360490,Trishula,1.0,Right
44,5,2026-09-09T21:03:21.562130,Trishula,1.0,Right
45,5,2026-09-09T21:03:21.750821,Pataka,1.0,Right
46,5,2026-09-09T21:03:21.931457,Pataka,1.0,Right
47,5,2026-09-09T21:03:22.117929,Pataka,1.0,Right
48,5,2026-09-09T21:03:22.322755,Pataka,1.0,Right
49,5,2026-09-09T21:03:22.513872,Pataka,1.0,Right
50,5,2026-09-09T21:03:22.722029,Pataka,1.0,Right
51,5,2026-09-09T21:03:22.931689,Pataka,1.0,Right
52,5,2026-09-09T21:03:23.135212,Pataka,1.0,Left
53,5,2026-09-09T21:03:23.338984,Pataka,1.0,Right
54,5,2026-09-09T21:03:23.552318,Pataka,1.0,Right
55,5,2026-09-09T21:03:23.793835,Pataka,1.0,Left
56,5,2026-09-09T21:03:26.023217,Pataka,1.0,Left
57,5,2026-09-09T21:03:26.202881,Pataka,1.0,Right
58,5,2026-09-09T21:03:26.383843,Pataka,1.0,Left
59,5,2026-09-09T21:03:26.552956,Pataka,1.0,Right
60,5,2026-09-09T21:03:26.771568,Pataka,1.0,Right
61,5,2026-09-09T21:03:26.995784,Pataka,1.0,Right
62,5,2026-09-09T21:03:27.172413,Pataka,1.0,Right
63,5,2026-09-09T21:03:27.360111,Pataka,1.0,Right
64,5,2026-09-09T21:03:27.541827,Pataka,1.0,Right
65,5,2026-09-09T21:03:27.732368,Pataka,1.0,Right
66,5,2026-09-09T21:03:27.912419,Ardhapataka,1.0,Right
67,5,2026-09-09T21:03:28.039097,Ardhapataka,1.0,Right
68,5,2026-09-09T21:03:28.246026,Ardhapataka,1.0,Right
69,5,2026-09-09T21:03:28.430570,Ardhapataka,0.8,Right
70,5,2026-09-09T21:03:28.677674,Ardhapataka,0.8,Right
71,5,2026-09-09T21:03:28.819557,Ardhapataka,0.8,Right
72,5,2026-09-09T21:03:28.934320,Ardhapataka,1.0,Right
73,5,2026-09-09T21:03:29.122826,Ardhapataka,0.8,Right
74,5,2026-09-09T21:03:29.332892,Ardhapataka,0.8,Right
75,5,2026-09-09T21:03:29.522890,Ardhapataka,0.8,Right
76,5,2026-09-09T21:03:29.734232,Ardhapataka,0.8,Right
77,5,2026-09-09T21:03:29.911783,Ardhapataka,0.8,Right
78,5,2026-09-09T21:03:30.087676,Ardhapataka,0.8,Right
79,5,2026-09-09T21:03:30.296607,Ardhapataka,0.8,Right
80,5,2026-09-09T21:03:30.500940,Ardhapataka,1.0,Right
81,5,2026-09-09T21:03:30.707424,Ardhapataka,1.0,Right
82,5,2026-09-09T21:03:30.930258,Ardhapataka,1.0,Right
83,5,2026-09-09T21:03:31.158582,Ardhapataka,1.0,Right
84,5,2026-09-09T21:03:31.364485,Ardhapataka,1.0,Right
85,5,2026-09-09T21:03:31.583191,Ardhapataka,1.0,Right
86,5,2026-09-09T21:03:31.789802,Ardhapataka,1.0,Right
87,5,2026-09-09T21:03:32.004789,Ardhapataka,1.0,Right
88,5,2026-09-09T21:03:32.207799,Ardhapataka,1.0,Right
89,5,2026-09-09T21:03:32.422624,Ardhapataka,1.0,Right
90,5,2026-09-09T21:03:32.662626,Ardhapataka,1.0,Right
91,5,2026-09-09T21:03:32.876812,Ardhapataka,1.0,Right
92,5,2026-09-09T21:03:33.094182,Ardhapataka,1.0,Right
93,5,2026-09-09T21:03:33.325794,Ardhapataka,1.0,Right
94,5,2026-09-09T21:03:33.532153,Ardhapataka,1.0,Left
95,5,2026-09-09T21:03:33.741977,Pataka,1.0,Right
96,5,2026-09-09T21:03:33.964690,Pataka,1.0,Right
97,5,2026-09-09T21:03:34.167491,Pataka,1.0,Right
98,5,2026-09-09T21:03:34.373446,Pataka,1.0,Right
99,5,2026-09-09T21:03:34.598019,Pataka,1.0,Right
100,5,2026-09-09T21:03:34.804799,Pataka,1.0,Right
101,5,2026-09-09T21:03:35.081277,Pataka,1.0,Right
102,5,2026-09-09T21:03:35.207790,Pataka,1.0,Right
103,5,2026-09-09T21:03:35.332965,Pataka,1.0,Right
104,5,2026-09-09T21:03:35.534530,Pataka,1.0,Right
105,5,2026-09-09T21:03:35.747865,Ardhapataka,0.8,Right
106,5,2026-09-09T21:03:35.970764,Ardhapataka,1.0,Right
107,5,2026-09-09T21:03:36.190738,Mushti,1.0,Right
108,5,2026-09-09T21:03:36.443762,Mushti,1.0,Right
109,5,2026-09-09T21:03:36.671726,Katakamukha,1.0,Right
110,5,2026-09-09T21:03:36.880079,Katakamukha,1.0,Right
111,5,2026-09-09T21:03:37.098526,Katakamukha,1.0,Right
112,5,2026-09-09T21:03:37.308607,Ardhapataka,1.0,Right
113,5,2026-09-09T21:03:37.511482,Ardhapataka,1.0,Right
114,5,2026-09-09T21:03:37.733426,Ardhapataka,1.0,Right
115,5,2026-09-09T21:03:37.950502,Ardhapataka,1.0,Right
116,5,2026-09-09T21:03:38.160807,Ardhapataka,1.0,Right
117,5,2026-09-09T21:03:38.368456,Ardhapataka,1.0,Right
118,5,2026-09-09T21:03:38.589356,Ardhapataka,1.0,Right
119,5,2026-09-09T21:03:38.795145,Ardhapataka,1.0,Right
120,5,2026-09-09T21:03:39.009323,Ardhapataka,1.0,Right
121,5,2026-09-09T21:03:39.227585,Ardhapataka,1.0,Right
122,5,2026-09-09T21:03:39.433757,Ardhapataka,1.0,Right
123,5,2026-09-09T21:03:39.589751,Ardhapataka,1.0,Right
124,5,2026-09-09T21:03:39.779807,Ardhapataka,1.0,Right
125,5,2026-09-09T21:03:39.999605,Pataka,1.0,Right
126,5,2026-09-09T21:03:40.214312,Pataka,1.0,Right
127,5,2026-09-09T21:03:40.418476,Pataka,1.0,Right
128,5,2026-09-09T21:03:40.626565,Pataka,1.0,Right
129,5,2026-09-09T21:03:40.757549,Pataka,1.0,Right
130,5,2026-09-09T21:03:40.960731,Pataka,1.0,Right
131,5,2026-09-09T21:03:41.172505,Pataka,1.0,Right
132,5,2026-09-09T21:03:41.396617,Pataka,1.0,Right
133,5,2026-09-09T21:03:41.615983,Pataka,1.0,Right
134,5,2026-09-09T21:03:41.833342,Pataka,1.0,Right
135,5,2026-09-09T21:03:42.002235,Pataka,1.0,Right
136,5,2026-09-09T21:03:42.149832,Trishula,1.0,Right
137,5,2026-09-09T21:03:42.359567,Trishula,1.0,Right
138,5,2026-09-09T21:03:42.574627,Trishula,1.0,Right
139,5,2026-09-09T21:03:42.783997,Pataka,1.0,Right
140,5,2026-09-09T21:03:42.983831,Pataka,1.0,Right
141,5,2026-09-09T21:03:43.660293,Pataka,1.0,Right
142,5,2026-09-09T21:03:43.841307,Pataka,1.0,Right
143,5,2026-09-09T21:03:44.924100,Pataka,1.0,Right
144,5,2026-09-09T21:03:45.114869,Pataka,1.0,Right
145,5,2026-09-09T21:03:45.306889,Pataka,1.0,Right
146,5,2026-09-09T21:03:45.481023,Pataka,1.0,Right
147,5,2026-09-09T21:03:45.595278,Pataka,1.0,Right
148,5,2026-09-09T21:03:45.726746,Pataka,1.0,Right
149,5,2026-09-09T21:03:45.862357,Pataka,1.0,Right
150,5,2026-09-09T21:03:45.996697,Pataka,1.0,Right
151,5,2026-09-09T21:03:46.132705,Pataka,1.0,Right
152,5,2026-09-09T21:03:46.279619,Pataka,1.0,Right
153,5,2026-09-09T21:03:46.436066,Pataka,1.0,Right
154,5,2026-09-09T21:03:46.595512,Pataka,1.0,Right
155,5,2026-09-09T21:03:46.710627,Mushti,1.0,Right
156,5,2026-09-09T21:03:46.834914,Mushti,1.0,Right
157,5,2026-09-09T21:03:46.979724,Mushti,1.0,Right
158,5,2026-09-09T21:03:47.101652,Mushti,1.0,Right
159,5,2026-09-09T21:03:47.222971,Mushti,1.0,Right
160,5,2026-09-09T21:03:47.343498,Mushti,1.0,Right
161,5,2026-09-09T21:03:47.460991,Mushti,1.0,Right
162,5,2026-09-09T21:03:47.578175,Mushti,1.0,Right
163,5,2026-09-09T21:03:47.697934,Mushti,1.0,Right
164,5,2026-09-09T21:03:47.815981,Mushti,1.0,Right
165,5,2026-09-09T21:03:47.943687,Mushti,1.0,Right
166,5,2026-09-09T21:03:48.075731,Mushti,1.0,Right
167,5,2026-09-09T21:03:48.195673,Mushti,1.0,Right
168,5,2026-09-09T21:03:48.297768,Mushti,1.0,Right
169,5,2026-09-09T21:03:48.403602,Mushti,1.0,Right
170,5,2026-09-09T21:03:48.538698,Mushti,1.0,Right
171,5,2026-09-09T21:03:48.708920,Mushti,1.0,Right
172,5,2026-09-09T21:03:48.851455,Mushti,1.0,Right
173,5,2026-09-09T21:03:48.964297,Mushti,1.0,Right
174,5,2026-09-09T21:03:49.141127,Mushti,1.0,Right
175,5,2026-09-09T21:03:49.306757,Mushti,1.0,Right
176,5,2026-09-09T21:03:49.480635,Mushti,1.0,Right
177,5,2026-09-09T21:03:49.659678,Mushti,1.0,Right
178,5,2026-09-09T21:03:49.850963,Mushti,1.0,Right
179,5,2026-09-09T21:03:50.031317,Mushti,1.0,Right
180,5,2026-09-09T21:03:50.210170,Mushti,1.0,Right
181,5,2026-09-09T21:03:50.395919,Mushti,1.0,Right
182,5,2026-09-09T21:03:50.558885,Mushti,1.0,Right
183,5,2026-09-09T21:03:50.739615,Mushti,1.0,Right
184,5,2026-09-09T21:03:50.923130,Mushti,1.0,Right
185,5,2026-09-09T21:03:51.117124,Mushti,1.0,Right
186,5,2026-09-09T21:03:51.300508,Mushti,1.0,Right
187,5,2026-09-09T21:03:51.491601,Mushti,1.0,Right
188,5,2026-09-09T21:03:51.680474,Shikhara,1.0,Right
189,5,2026-09-09T21:03:51.865770,Shikhara,1.0,Right
190,5,2026-09-09T21:03:52.062219,Shikhara,1.0,Right
191,5,2026-09-09T21:03:52.247583,Shikhara,1.0,Right
192,5,2026-09-09T21:03:52.464644,Shikhara,1.0,Right
193,5,2026-09-09T21:03:52.664223,Shikhara,1.0,Right
194,5,2026-09-09T21:03:52.873123,Shikhara,1.0,Right
195,5,2026-09-09T21:03:53.064032,Shikhara,1.0,Right
196,5,2026-09-09T21:03:53.251025,Shikhara,1.0,Right
197,5,2026-09-09T21:03:53.435823,Shikhara,1.0,Right
198,5,2026-09-09T21:03:53.614478,Shikhara,1.0,Right
199,5,2026-09-09T21:03:53.809564,Shikhara,1.0,Right
200,5,2026-09-09T21:03:53.993626,Shikhara,1.0,Right
201,5,2026-09-09T21:03:54.176220,Shikhara,1.0,Right
202,5,2026-09-09T21:03:54.371189,Shikhara,1.0,Right
203,5,2026-09-09T21:03:54.577046,Shikhara,1.0,Right
204,5,2026-09-09T21:03:54.771682,Shikhara,1.0,Right
205,5,2026-09-09T21:03:54.981963,Ardhapataka,1.0,Right
206,5,2026-09-09T21:03:55.185311,Ardhapataka,1.0,Right
207,5,2026-09-09T21:03:55.407012,Ardhapataka,0.8,Right
208,5,2026-09-09T21:03:55.617475,Ardhapataka,0.8,Right
209,5,2026-09-09T21:03:55.822381,Ardhapataka,0.8,Right
210,5,2026-09-09T21:03:56.032229,Ardhapataka,0.8,Right
211,5,2026-09-09T21:03:56.232842,Ardhapataka,1.0,Right
212,5,2026-09-09T21:03:56.450803,Ardhapataka,1.0,Right
213,5,2026-09-09T21:03:56.631257,Ardhapataka,0.8,Right
214,5,2026-09-09T21:03:56.840253,Ardhapataka,1.0,Right
215,5,2026-09-09T21:03:57.052503,Ardhapataka,0.8,Right
216,5,2026-09-09T21:03:57.271113,Ardhapataka,1.0,Right
217,5,2026-09-09T21:03:57.481697,Ardhapataka,1.0,Right
218,5,2026-09-09T21:03:57.809233,Ardhapataka,1.0,Right
219,5,2026-09-09T21:03:58.032638,Ardhapataka,1.0,Right
220,5,2026-09-09T21:03:58.884617,Ardhapataka,1.0,Right
221,5,2026-09-09T21:03:59.097051,Mushti,1.0,Right
222,5,2026-09-09T21:03:59.278825,Mushti,1.0,Right
223,5,2026-09-09T21:03:59.455973,Mushti,0.8,Right
224,5,2026-09-09T21:03:59.644007,Mushti,1.0,Right
225,5,2026-09-09T21:03:59.858559,Chandrakala,1.0,Right
226,5,2026-09-09T21:04:00.070045,Pataka,0.8,Right
227,5,2026-09-09T21:04:00.250978,Pataka,1.0,Right
228,5,2026-09-09T21:04:00.484962,Pataka,0.8,Right
229,5,2026-09-09T21:04:00.629901,Pataka,1.0,Right
230,5,2026-09-09T21:04:00.807806,Pataka,1.0,Right
231,5,2026-09-09T21:04:01.014988,Pataka,1.0,Right
232,5,2026-09-09T21:04:01.190478,Pataka,1.0,Right
233,5,2026-09-09T21:04:01.379030,Pataka,0.8,Right
234,5,2026-09-09T21:04:01.567527,Pataka,1.0,Right
235,5,2026-09-09T21:04:01.759299,Pataka,0.8,Right
236,5,2026-09-09T21:04:01.957864,Pataka,0.8,Right
237,5,2026-09-09T21:04:02.144091,Pataka,0.8,Right
238,5,2026-09-09T21:04:02.324760,Pataka,0.8,Right
239,5,2026-09-09T21:04:02.545010,Pataka,0.8,Right
240,5,2026-09-09T21:04:02.749592,Pataka,0.8,Right
241,5,2026-09-09T21:04:02.947928,Pataka,0.8,Right
242,5,2026-09-09T21:04:03.184937,Pataka,0.8,Right
243,5,2026-09-09T21:04:03.390582,Pataka,0.8,Right
244,5,2026-09-09T21:04:03.586430,Pataka,0.8,Right
245,5,2026-09-09T21:04:03.777577,Pataka,0.8,Right
246,5,2026-09-09T21:04:03.976969,Pataka,1.0,Right
247,5,2026-09-09T21:04:04.185583,Pataka,1.0,Right
248,5,2026-09-09T21:04:04.432973,Pataka,1.0,Right
249,5,2026-09-09T21:04:04.629269,Pataka,1.0,Right
250,5,2026-09-09T21:04:04.849874,Pataka,1.0,Right
251,5,2026-09-09T21:04:05.065347,Pataka,1.0,Right
252,5,2026-09-09T21:04:05.219067,Pataka,1.0,Right
253,5,2026-09-09T21:04:05.411532,Pataka,1.0,Right
254,5,2026-09-09T21:04:05.617443,Pataka,1.0,Right
255,5,2026-09-09T21:04:05.820831,Pataka,1.0,Right
256,5,2026-09-09T21:04:06.027817,Pataka,1.0,Right
257,5,2026-09-09T21:04:06.233921,Pataka,1.0,Right
258,5,2026-09-09T21:04:06.468788,Pataka,0.8,Right
259,5,2026-09-09T21:04:06.678536,Pataka,0.8,Right
260,5,2026-09-09T21:04:06.890260,Pataka,0.8,Right
261,5,2026-09-09T21:04:07.114080,Pataka,0.8,Right
262,5,2026-09-09T21:04:07.323103,Pataka,1.0,Right
263,5,2026-09-09T21:04:07.535840,Pataka,0.8,Right
264,5,2026-09-09T21:04:07.761652,Pataka,0.8,Right
265,5,2026-09-09T21:04:07.982480,Pataka,1.0,Right
266,5,2026-09-09T21:04:08.189586,Pataka,0.8,Right
267,5,2026-09-09T21:04:08.393119,Pataka,1.0,Right
268,5,2026-09-09T21:04:08.597924,Pataka,1.0,Right
269,5,2026-09-09T21:04:08.809925,Kartarimukha,1.0,Right
270,5,2026-09-09T21:04:09.030825,Suchi,1.0,Right
271,5,2026-09-09T21:04:09.247886,Kartarimukha,1.0,Right
272,5,2026-09-09T21:04:09.466622,Kartarimukha,1.0,Right
273,5,2026-09-09T21:04:09.718566,Kartarimukha,1.0,Right
274,5,2026-09-09T21:04:09.980332,Kartarimukha,1.0,Right
275,5,2026-09-09T21:04:10.131299,Kartarimukha,1.0,Right
276,5,2026-09-09T21:04:10.337263,Kartarimukha,1.0,Right
277,5,2026-09-09T21:04:10.549026,Tripataka,1.0,Right
278,5,2026-09-09T21:04:10.772055,Ardhapataka,1.0,Right
279,5,2026-09-09T21:04:10.981759,Tripataka,1.0,Right
280,5,2026-09-09T21:04:11.191494,Ardhapataka,1.0,Right
281,5,2026-09-09T21:04:11.527117,Ardhapataka,1.0,Right
282,5,2026-09-09T21:04:11.716240,Pataka,1.0,Right
283,5,2026-09-09T21:04:11.914980,Pataka,1.0,Right
284,5,2026-09-09T21:04:12.100994,Pataka,1.0,Right
285,5,2026-09-09T21:04:12.297376,Pataka,1.0,Right
286,5,2026-09-09T21:04:12.499525,Mushti,1.0,Right
287,5,2026-09-09T21:04:12.683177,Mushti,1.0,Right
288,5,2026-09-09T21:04:12.876018,Shikhara,1.0,Right
289,5,2026-09-09T21:04:13.064152,Shikhara,1.0,Left
290,5,2026-09-09T21:04:13.336026,Shikhara,1.0,Right
291,5,2026-09-09T21:04:13.511193,Shikhara,1.0,Right
292,5,2026-09-09T21:04:13.621598,Shikhara,1.0,Left
293,5,2026-09-09T21:04:13.735212,Shikhara,1.0,Right
294,5,2026-09-09T21:04:13.957247,Shikhara,1.0,Right
295,5,2026-09-09T21:04:14.159324,Shikhara,1.0,Left
296,5,2026-09-09T21:04:14.340297,Shikhara,1.0,Left
297,5,2026-09-09T21:04:14.531374,Mushti,1.0,Left
298,5,2026-09-09T21:04:14.722478,Ardhachandra,1.0,Right
299,5,2026-09-09T21:04:14.916835,Ardhachandra,1.0,Left
300,5,2026-09-09T21:04:15.098139,Ardhachandra,1.0,Right
301,5,2026-09-09T21:04:15.309318,Pataka,1.0,Right
302,5,2026-09-09T21:04:15.508495,Pataka,1.0,Right
303,5,2026-09-09T21:04:15.699795,Pataka,1.0,Right
304,5,2026-09-09T21:04:15.892327,Pataka,1.0,Left
305,5,2026-09-09T21:04:16.090169,Pataka,1.0,Right
306,5,2026-09-09T21:04:16.275814,Shikhara,1.0,Left
307,5,2026-09-09T21:04:16.415355,Shikhara,1.0,Left
308,5,2026-09-09T21:04:16.639771,Shikhara,1.0,Left
309,5,2026-09-09T21:04:16.817868,Shikhara,1.0,Left
310,5,2026-09-09T21:04:17.128438,Shikhara,1.0,Left
311,5,2026-09-09T21:04:17.318854,Shikhara,1.0,Left
312,5,2026-09-09T21:04:17.541402,Shikhara,1.0,Left
313,5,2026-09-09T21:04:17.743238,Shikhara,1.0,Right
314,5,2026-09-09T21:04:17.957347,Shikhara,1.0,Left
315,5,2026-09-09T21:04:18.182495,Shikhara,1.0,Left
316,5,2026-09-09T21:04:18.404867,Shikhara,1.0,Left
317,5,2026-09-09T21:04:18.614450,Shikhara,0.8,Left
318,5,2026-09-09T21:04:18.829445,Shikhara,1.0,Left
319,5,2026-09-09T21:04:19.046052,Shikhara,1.0,Left
320,5,2026-09-09T21:04:19.260523,Ardhachandra,1.0,Left
321,5,2026-09-09T21:04:19.468852,Ardhachandra,1.0,Left
322,5,2026-09-09T21:04:19.693548,Ardhachandra,1.0,Left
323,5,2026-09-09T21:04:19.908823,Ardhachandra,1.0,Left
324,5,2026-09-09T21:04:20.128034,Ardhachandra,1.0,Left
325,5,2026-09-09T21:04:20.331992,Ardhachandra,1.0,Left
326,5,2026-09-09T21:04:20.540313,Ardhachandra,0.8,Left
327,5,2026-09-09T21:04:20.749539,Ardhachandra,1.0,Left
328,5,2026-09-09T21:04:20.965678,Katakamukha,1.0,Left
329,5,2026-09-09T21:04:21.168857,Katakamukha,1.0,Left
330,5,2026-09-09T21:04:21.384097,Katakamukha,1.0,Left
331,5,2026-09-09T21:04:21.587663,Shikhara,1.0,Left
332,5,2026-09-09T21:04:21.808094,Shikhara,1.0,Left
333,5,2026-09-09T21:04:22.017747,Shikhara,1.0,Left
334,5,2026-09-09T21:04:22.258377,Shikhara,1.0,Left
335,5,2026-09-09T21:04:22.475629,Shikhara,1.0,Left
336,5,2026-09-09T21:04:22.702781,Shikhara,1.0,Left
337,5,2026-09-09T21:04:22.937313,Shikhara,1.0,Left
338,5,2026-09-09T21:04:23.177092,Shikhara,1.0,Left
339,5,2026-09-09T21:04:23.387763,Shikhara,1.0,Right
340,5,2026-09-09T21:04:23.610223,Shikhara,1.0,Left
341,5,2026-09-09T21:04:23.888782,Shikhara,1.0,Left
342,5,2026-09-09T21:04:24.105650,Shikhara,1.0,Left
343,5,2026-09-09T21:04:24.323936,Shikhara,1.0,Left
344,5,2026-09-09T21:04:24.489290,Shikhara,1.0,Left
345,5,2026-09-09T21:04:24.597604,Shikhara,1.0,Left
346,5,2026-09-09T21:04:24.717708,Shikhara,1.0,Left
347,5,2026-09-09T21:04:24.943414,Shikhara,1.0,Left
348,5,2026-09-09T21:04:25.155885,Shikhara,1.0,Left
349,5,2026-09-09T21:04:25.388676,Shikhara,1.0,Left
350,5,2026-09-09T21:04:25.595238,Shikhara,0.8,Left
351,5,2026-09-09T21:04:25.804091,Shikhara,1.0,Right
352,5,2026-09-09T21:04:26.027370,Shikhara,1.0,Left
353,5,2026-09-09T21:04:26.173057,Ardhachandra,1.0,Left
354,5,2026-09-09T21:04:26.401620,Ardhachandra,1.0,Left
355,5,2026-09-09T21:04:30.902067,Ardhachandra,1.0,Right
356,5,2026-09-09T21:04:31.039622,Ardhachandra,1.0,Right
357,5,2026-09-09T21:04:31.210851,Pataka,1.0,Right
358,5,2026-09-09T21:04:31.370288,Pataka,1.0,Right
359,5,2026-09-09T21:04:31.516466,Pataka,1.0,Right
360,5,2026-09-09T21:04:31.691256,Pataka,1.0,Right
361,5,2026-09-09T21:04:31.856589,Pataka,1.0,Right
362,5,2026-09-09T21:04:32.029820,Pataka,1.0,Right
363,5,2026-09-09T21:04:32.203809,Pataka,1.0,Right
364,5,2026-09-09T21:04:32.414350,Pataka,1.0,Right
365,5,2026-09-09T21:04:32.603068,Pataka,1.0,Right
366,5,2026-09-09T21:04:32.782867,Pataka,1.0,Right
367,5,2026-09-09T21:04:32.981089,Pataka,1.0,Right
368,5,2026-09-09T21:04:33.185519,Pataka,1.0,Right
369,5,2026-09-09T21:04:33.372883,Pataka,1.0,Right
370,5,2026-09-09T21:04:33.569531,Pataka,1.0,Right
371,5,2026-09-09T21:04:33.769910,Pataka,1.0,Right
372,5,2026-09-09T21:04:33.965354,Pataka,1.0,Right
373,5,2026-09-09T21:04:34.154496,Pataka,1.0,Right
374,5,2026-09-09T21:04:34.355418,Pataka,1.0,Right
375,5,2026-09-09T21:04:34.551104,Pataka,1.0,Right
376,5,2026-09-09T21:04:34.748915,Pataka,1.0,Right
377,5,2026-09-09T21:04:34.954883,Pataka,1.0,Right
378,5,2026-09-09T21:04:35.171297,Pataka,1.0,Left
379,5,2026-09-09T21:04:35.382834,Pataka,1.0,Left
380,5,2026-09-09T21:04:35.591434,Pataka,1.0,Left
381,5,2026-09-09T21:04:35.775155,Pataka,1.0,Right
382,5,2026-09-09T21:04:36.008789,Pataka,1.0,Left
383,5,2026-09-09T21:04:36.233650,Pataka,1.0,Right
384,5,2026-09-09T21:04:36.449916,Pataka,1.0,Right
385,5,2026-09-09T21:04:36.659593,Pataka,1.0,Left
386,5,2026-09-09T21:04:36.801735,Pataka,1.0,Left
387,5,2026-09-09T21:04:36.931054,Pataka,1.0,Left
388,5,2026-09-09T21:04:37.050637,Pataka,1.0,Left
389,5,2026-09-09T21:04:37.178948,Pataka,1.0,Right
390,5,2026-09-09T21:04:37.372763,Pataka,1.0,Right
391,5,2026-09-09T21:04:37.576614,Pataka,1.0,Right
392,5,2026-09-09T21:04:37.809608,Pataka,1.0,Right
393,5,2026-09-09T21:04:38.031522,Pataka,1.0,Left
394,5,2026-09-09T21:04:38.272439,Pataka,1.0,Right
395,5,2026-09-09T21:04:38.494360,Pataka,1.0,Right
396,5,2026-09-09T21:04:38.633996,Pataka,1.0,Right
397,5,2026-09-09T21:04:38.775493,Pataka,1.0,Right
398,5,2026-09-09T21:04:39.015418,Pataka,1.0,Right
399,5,2026-09-09T21:04:39.238687,Pataka,1.0,Right
400,5,2026-09-09T21:04:39.444936,Ardhachandra,1.0,Right
401,5,2026-09-09T21:04:39.667830,Ardhachandra,1.0,Right
402,5,2026-09-09T21:04:39.883783,Ardhachandra,1.0,Right
403,5,2026-09-09T21:04:40.109689,Ardhachandra,1.0,Right
404,5,2026-09-09T21:04:40.337306,Ardhachandra,1.0,Right
405,5,2026-09-09T21:04:40.555858,Ardhachandra,1.0,Right
406,5,2026-09-09T21:04:40.761538,Ardhachandra,1.0,Right
407,5,2026-09-09T21:04:40.974588,Ardhachandra,1.0,Right
408,5,2026-09-09T21:04:41.188716,Ardhachandra,1.0,Right
409,5,2026-09-09T21:04:41.411376,Ardhachandra,1.0,Right
410,5,2026-09-09T21:04:41.619093,Ardhachandra,1.0,Right
411,5,2026-09-09T21:04:41.823731,Ardhachandra,1.0,Right
412,5,2026-09-09T21:04:42.057612,Ardhachandra,0.8,Right
413,5,2026-09-09T21:04:42.268593,Ardhachandra,1.0,Right
414,5,2026-09-09T21:04:42.494232,Ardhachandra,0.8,Right
415,5,2026-09-09T21:04:42.699615,Ardhachandra,1.0,Right
416,5,2026-09-09T21:04:42.929345,Ardhachandra,1.0,Right
417,5,2026-09-09T21:04:43.149007,Ardhachandra,1.0,Right
418,5,2026-09-09T21:04:43.368991,Ardhachandra,0.8,Right
419,5,2026-09-09T21:04:43.586178,Ardhachandra,0.8,Right
420,5,2026-09-09T21:04:43.790494,Ardhachandra,1.0,Right
421,5,2026-09-09T21:04:44.019995,Ardhachandra,1.0,Right
422,5,2026-09-09T21:04:44.219787,Ardhachandra,0.8,Right
423,5,2026-09-09T21:04:44.432876,Ardhachandra,0.8,Right
424,5,2026-09-09T21:04:44.680694,Ardhachandra,1.0,Right
425,5,2026-09-09T21:04:44.904961,Ardhachandra,1.0,Right
426,5,2026-09-09T21:04:45.118829,Ardhachandra,1.0,Right
427,5,2026-09-09T21:04:45.336124,Ardhachandra,1.0,Right
428,5,2026-09-09T21:04:45.554109,Ardhachandra,1.0,Right
429,5,2026-09-09T21:04:45.767144,Ardhachandra,1.0,Right
430,5,2026-09-09T21:04:45.974472,Ardhachandra,1.0,Right
431,5,2026-09-09T21:04:46.245933,Ardhachandra,1.0,Right
432,5,2026-09-09T21:04:46.479533,Ardhachandra,1.0,Right
433,5,2026-09-09T21:04:46.690817,Ardhachandra,1.0,Right
434,5,2026-09-09T21:04:46.900847,Ardhachandra,1.0,Right
435,5,2026-09-09T21:04:47.115679,Ardhachandra,1.0,Right
436,5,2026-09-09T21:04:47.333311,Ardhachandra,1.0,Right
437,5,2026-09-09T21:04:47.562678,Ardhachandra,1.0,Right
438,5,2026-09-09T21:04:47.767696,Ardhachandra,1.0,Right
439,5,2026-09-09T21:04:47.989666,Ardhachandra,1.0,Right
440,5,2026-09-09T21:04:48.194702,Ardhachandra,1.0,Right
441,5,2026-09-09T21:04:48.399562,Ardhachandra,1.0,Right
442,5,2026-09-09T21:04:48.607500,Ardhachandra,1.0,Right
443,5,2026-09-09T21:04:48.847745,Ardhachandra,1.0,Right
444,5,2026-09-09T21:04:49.079465,Ardhachandra,1.0,Right
445,5,2026-09-09T21:04:49.297147,Ardhachandra,1.0,Right
446,5,2026-09-09T21:04:49.513256,Ardhachandra,1.0,Right
447,5,2026-09-09T21:04:49.734854,Arala,1.0,Right
448,5,2026-09-09T21:04:49.959607,Arala,1.0,Right
449,5,2026-09-09T21:04:50.173587,Arala,1.0,Right
450,5,2026-09-09T21:04:50.387098,Arala,1.0,Right
451,5,2026-09-09T21:04:50.603518,Arala,1.0,Right
452,5,2026-09-09T21:04:50.815863,Arala,1.0,Right
453,5,2026-09-09T21:04:51.029727,Arala,1.0,Right
454,5,2026-09-09T21:04:51.252145,Arala,1.0,Right
455,5,2026-09-09T21:04:51.459937,Arala,1.0,Right
456,5,2026-09-09T21:04:51.667147,Arala,1.0,Right
457,5,2026-09-09T21:04:51.882621,Arala,1.0,Right
458,5,2026-09-09T21:04:52.103115,Arala,1.0,Right
459,5,2026-09-09T21:04:52.318309,Arala,1.0,Right
460,5,2026-09-09T21:04:52.539637,Arala,1.0,Right
461,5,2026-09-09T21:04:52.751194,Arala,1.0,Right
462,5,2026-09-09T21:04:52.969504,Arala,1.0,Right
463,5,2026-09-09T21:04:53.197646,Arala,1.0,Right
464,5,2026-09-09T21:04:53.404323,Arala,1.0,Right
465,5,2026-09-09T21:04:53.623795,Arala,1.0,Right
466,5,2026-09-09T21:04:53.856766,Arala,1.0,Right
467,5,2026-09-09T21:04:54.077903,Arala,1.0,Right
468,5,2026-09-09T21:04:54.297985,Arala,1.0,Right
469,5,2026-09-09T21:04:54.533630,Arala,1.0,Right
470,5,2026-09-09T21:04:54.747855,Arala,1.0,Right
471,5,2026-09-09T21:04:54.977048,Arala,1.0,Right
472,5,2026-09-09T21:04:55.205739,Arala,1.0,Right
473,5,2026-09-09T21:04:55.419253,Arala,1.0,Right
474,5,2026-09-09T21:04:55.622686,Arala,1.0,Right
475,5,2026-09-09T21:04:55.841864,Arala,1.0,Right
476,5,2026-09-09T21:04:56.053039,Arala,1.0,Right
477,5,2026-09-09T21:04:56.273018,Arala,1.0,Right
478,5,2026-09-09T21:04:56.481527,Arala,1.0,Right
479,5,2026-09-09T21:04:56.621528,Mrigashirsha,1.0,Right
480,5,2026-09-09T21:04:56.758994,Mrigashirsha,1.0,Right
481,5,2026-09-09T21:04:56.897982,Mrigashirsha,1.0,Right
482,5,2026-09-09T21:04:57.045924,Mrigashirsha,1.0,Right
483,5,2026-09-09T21:04:57.182140,Mrigashirsha,1.0,Right
484,5,2026-09-09T21:04:57.312347,Mrigashirsha,1.0,Right
485,5,2026-09-09T21:04:57.456669,Mrigashirsha,1.0,Right
486,5,2026-09-09T21:04:57.595966,Mrigashirsha,1.0,Right
487,5,2026-09-09T21:04:57.732037,Mrigashirsha,1.0,Right
488,5,2026-09-09T21:04:57.876097,Mrigashirsha,1.0,Right
489,5,2026-09-09T21:04:58.026492,Mrigashirsha,1.0,Right
490,5,2026-09-09T21:04:58.164132,Mrigashirsha,1.0,Right
491,5,2026-09-09T21:04:58.307435,Mrigashirsha,1.0,Right
492,5,2026-09-09T21:04:58.448412,Mrigashirsha,1.0,Right
493,5,2026-09-09T21:04:58.583205,Mrigashirsha,1.0,Right
494,5,2026-09-09T21:04:58.720146,Mrigashirsha,1.0,Right
495,5,2026-09-09T21:04:58.845835,Mrigashirsha,1.0,Right
496,5,2026-09-09T21:04:58.965868,Mrigashirsha,0.8,Right
497,5,2026-09-09T21:04:59.072477,Mrigashirsha,1.0,Right
498,5,2026-09-09T21:04:59.184024,Mrigashirsha,0.8,Right
499,5,2026-09-09T21:04:59.315980,Ardhapataka,0.8,Right
500,5,2026-09-09T21:04:59.431251,Ardhapataka,1.0,Right
501,5,2026-09-09T21:04:59.557284,Ardhapataka,1.0,Right
502,5,2026-09-09T21:04:59.679557,Ardhapataka,0.8,Right
503,5,2026-09-09T21:04:59.796153,Ardhapataka,0.8,Right
504,5,2026-09-09T21:04:59.905489,Ardhapataka,0.8,Right
505,5,2026-09-09T21:05:00.022727,Ardhapataka,0.8,Right
506,5,2026-09-09T21:05:00.135416,Ardhapataka,0.8,Right
507,5,2026-09-09T21:05:00.248354,Ardhapataka,0.8,Right
508,5,2026-09-09T21:05:00.358722,Ardhapataka,0.8,Right
509,5,2026-09-09T21:05:00.479907,Ardhapataka,0.8,Right
510,5,2026-09-09T21:05:00.589487,Ardhapataka,0.8,Right
511,5,2026-09-09T21:05:00.705998,Ardhapataka,0.8,Right
512,5,2026-09-09T21:05:00.823661,Ardhapataka,0.8,Right
513,5,2026-09-09T21:05:00.938744,Ardhapataka,0.8,Right
514,5,2026-09-09T21:05:01.124764,Ardhapataka,0.8,Right
515,5,2026-09-09T21:05:01.281337,Ardhapataka,0.8,Right
516,5,2026-09-09T21:05:01.404335,Ardhapataka,0.8,Right
517,5,2026-09-09T21:05:01.542998,Ardhapataka,0.8,Right
518,5,2026-09-09T21:05:01.728443,Ardhapataka,0.8,Right
519,5,2026-09-09T21:05:01.855334,Ardhapataka,1.0,Right
520,5,2026-09-09T21:05:02.033166,Ardhapataka,0.8,Right
521,5,2026-09-09T21:05:02.227132,Ardhapataka,0.8,Right
522,5,2026-09-09T21:05:02.410903,Ardhapataka,0.8,Right
523,5,2026-09-09T21:05:02.580867,Ardhapataka,0.8,Right
524,5,2026-09-09T21:05:02.767774,Ardhapataka,0.8,Right
525,5,2026-09-09T21:05:02.970789,Ardhapataka,1.0,Right
526,5,2026-09-09T21:05:03.161565,Ardhapataka,1.0,Right
527,5,2026-09-09T21:05:03.340411,Ardhapataka,1.0,Right
528,5,2026-09-09T21:05:03.527916,Bhramara,1.0,Right
529,5,2026-09-09T21:05:03.710578,Bhramara,1.0,Right
530,5,2026-09-09T21:05:03.910385,Bhramara,1.0,Right
531,5,2026-09-09T21:05:04.117825,Bhramara,1.0,Right
532,5,2026-09-09T21:05:04.306002,Bhramara,1.0,Right
533,5,2026-09-09T21:05:04.498941,Bhramara,1.0,Right
534,5,2026-09-09T21:05:04.729291,Bhramara,1.0,Right
535,5,2026-09-09T21:05:04.919483,Bhramara,1.0,Right
536,5,2026-09-09T21:05:05.099690,Bhramara,1.0,Right
537,5,2026-09-09T21:05:05.285895,Bhramara,1.0,Right
538,5,2026-09-09T21:05:05.483062,Bhramara,1.0,Right
539,5,2026-09-09T21:05:05.690389,Bhramara,1.0,Right
540,5,2026-09-09T21:05:05.879251,Bhramara,1.0,Right
541,5,2026-09-09T21:05:06.053160,Bhramara,1.0,Right
542,5,2026-09-09T21:05:06.230489,Bhramara,1.0,Right
543,5,2026-09-09T21:05:06.432000,Bhramara,1.0,Right
544,5,2026-09-09T21:05:06.643663,Bhramara,1.0,Right
545,5,2026-09-09T21:05:06.856660,Bhramara,1.0,Right
546,5,2026-09-09T21:05:07.067641,Bhramara,1.0,Right
547,5,2026-09-09T21:05:07.253447,Bhramara,1.0,Right
548,5,2026-09-09T21:05:07.389880,Bhramara,1.0,Right
549,5,2026-09-09T21:05:07.588025,Bhramara,1.0,Right
550,5,2026-09-09T21:05:07.806325,Bhramara,1.0,Right
551,5,2026-09-09T21:05:08.051725,Bhramara,1.0,Right
552,5,2026-09-09T21:05:08.260673,Bhramara,1.0,Right
553,5,2026-09-09T21:05:08.468026,Bhramara,1.0,Right
554,5,2026-09-09T21:05:08.667216,Bhramara,1.0,Right
555,5,2026-09-09T21:05:08.890477,Bhramara,1.0,Right
556,5,2026-09-09T21:05:09.095614,Bhramara,1.0,Right
557,5,2026-09-09T21:05:09.308606,Bhramara,1.0,Right
558,5,2026-09-09T21:05:09.508587,Bhramara,1.0,Right
559,5,2026-09-09T21:05:09.752284,Bhramara,1.0,Right
560,5,2026-09-09T21:05:09.953210,Bhramara,1.0,Right
561,5,2026-09-09T21:05:10.169002,Bhramara,1.0,Right
562,5,2026-09-09T21:05:10.406677,Bhramara,1.0,Right
563,5,2026-09-09T21:05:10.620990,Bhramara,1.0,Right
564,5,2026-09-09T21:05:10.753225,Bhramara,1.0,Right
565,5,2026-09-09T21:05:10.928028,Bhramara,1.0,Right
566,5,2026-09-09T21:05:11.110116,Bhramara,1.0,Right
567,5,2026-09-09T21:05:11.287449,Bhramara,1.0,Right
568,5,2026-09-09T21:05:11.467963,Bhramara,1.0,Right
569,5,2026-09-09T21:05:11.624630,Bhramara,1.0,Right
570,5,2026-09-09T21:05:11.764205,Bhramara,1.0,Right
571,5,2026-09-09T21:05:11.901695,Bhramara,1.0,Right
572,5,2026-09-09T21:05:12.042739,Bhramara,1.0,Right
573,5,2026-09-09T21:05:12.182667,Bhramara,1.0,Right
574,5,2026-09-09T21:05:12.299487,Bhramara,1.0,Right
575,5,2026-09-09T21:05:12.437683,Bhramara,1.0,Right
576,5,2026-09-09T21:05:12.567670,Bhramara,1.0,Right
577,5,2026-09-09T21:05:12.671677,Bhramara,1.0,Right
578,5,2026-09-09T21:05:12.834686,Bhramara,1.0,Right
579,5,2026-09-09T21:05:12.994040,Bhramara,1.0,Right
580,5,2026-09-09T21:05:13.103251,Bhramara,1.0,Right
581,5,2026-09-09T21:05:13.219424,Bhramara,1.0,Right
582,5,2026-09-09T21:05:13.328699,Bhramara,1.0,Right
583,5,2026-09-09T21:05:13.434627,Bhramara,1.0,Right
584,5,2026-09-09T21:05:13.553306,Bhramara,1.0,Right
585,5,2026-09-09T21:05:13.667948,Bhramara,1.0,Right
586,5,2026-09-09T21:05:13.786535,Bhramara,1.0,Right
587,5,2026-09-09T21:05:13.903287,Bhramara,1.0,Right
588,5,2026-09-09T21:05:14.016558,Bhramara,1.0,Right
589,5,2026-09-09T21:05:14.130329,Bhramara,1.0,Right
590,5,2026-09-09T21:05:14.248973,Bhramara,1.0,Right
591,5,2026-09-09T21:05:14.362626,Bhramara,1.0,Right
592,5,2026-09-09T21:05:14.480835,Bhramara,1.0,Right
593,5,2026-09-09T21:05:14.594282,Bhramara,1.0,Right
594,5,2026-09-09T21:05:14.714527,Bhramara,1.0,Right
595,5,2026-09-09T21:05:14.825624,Bhramara,1.0,Right
596,5,2026-09-09T21:05:14.946930,Bhramara,1.0,Right
597,5,2026-09-09T21:05:15.052913,Bhramara,1.0,Right
598,5,2026-09-09T21:05:15.171071,Bhramara,0.8,Right
599,5,2026-09-09T21:05:15.284236,Bhramara,1.0,Right
600,5,2026-09-09T21:05:15.402316,Ardhapataka,1.0,Right
601,5,2026-09-09T21:05:15.518544,Ardhapataka,1.0,Right
602,5,2026-09-09T21:05:15.634146,Ardhapataka,1.0,Right
603,5,2026-09-09T21:05:15.751497,Ardhapataka,1.0,Right
604,5,2026-09-09T21:05:15.867448,Pataka,1.0,Right
605,5,2026-09-09T21:05:16.002973,Pataka,1.0,Right
606,5,2026-09-09T21:05:16.115754,Pataka,1.0,Right
607,5,2026-09-09T21:05:16.225142,Pataka,0.8,Right
608,5,2026-09-09T21:05:16.334626,Pataka,0.8,Right
609,5,2026-09-09T21:05:16.441884,Pataka,1.0,Right
610,5,2026-09-09T21:05:16.564160,Chandrakala,1.0,Right
611,5,2026-09-09T21:05:16.675244,Chandrakala,1.0,Right
612,5,2026-09-09T21:05:16.790553,Chandrakala,1.0,Right
613,5,2026-09-09T21:05:16.904960,Chandrakala,0.8,Right
614,5,2026-09-09T21:05:17.019435,Chandrakala,0.8,Right
615,5,2026-09-09T21:05:17.191511,Pataka,0.8,Right
616,5,2026-09-09T21:05:17.363336,Pataka,0.8,Right
617,5,2026-09-09T21:05:17.489367,Pataka,0.8,Right
618,5,2026-09-09T21:05:17.668061,Pataka,0.8,Right
619,5,2026-09-09T21:05:17.837799,Pataka,0.8,Right
620,5,2026-09-09T21:05:17.995675,Pataka,0.8,Right
621,5,2026-09-09T21:05:18.144311,Pataka,0.8,Right
622,5,2026-09-09T21:05:18.334368,Pataka,0.8,Right
623,5,2026-09-09T21:05:18.516285,Pataka,0.8,Right
624,5,2026-09-09T21:05:18.710945,Pataka,0.8,Right
625,5,2026-09-09T21:05:18.894753,Pataka,0.8,Right
626,5,2026-09-09T21:05:19.078348,Pataka,0.8,Right
627,5,2026-09-09T21:05:19.256399,Pataka,0.8,Right
628,5,2026-09-09T21:05:19.423235,Pataka,0.8,Right
629,5,2026-09-09T21:05:19.589621,Pataka,0.8,Right
630,5,2026-09-09T21:05:19.706409,Pataka,0.8,Right
631,5,2026-09-09T21:05:19.822381,Pataka,0.8,Right
632,5,2026-09-09T21:05:19.948902,Pataka,0.8,Right
633,5,2026-09-09T21:05:20.071854,Pataka,0.8,Right
634,5,2026-09-09T21:05:20.191599,Pataka,0.8,Right
635,5,2026-09-09T21:05:20.313287,Pataka,0.8,Right
636,5,2026-09-09T21:05:20.441447,Pataka,0.8,Right
637,5,2026-09-09T21:05:20.565248,Pataka,0.8,Right
638,5,2026-09-09T21:05:20.691897,Pataka,0.8,Right
639,5,2026-09-09T21:05:20.816136,Pataka,0.8,Right
640,5,2026-09-09T21:05:20.941373,Pataka,0.8,Right
641,5,2026-09-09T21:05:21.085976,Pataka,0.8,Right
642,5,2026-09-09T21:05:21.251275,Pataka,0.8,Right
643,5,2026-09-09T21:05:21.405147,Pataka,0.8,Right
644,5,2026-09-09T21:05:21.560419,Pataka,0.8,Right
645,5,2026-09-09T21:05:21.709507,Pataka,0.8,Right
646,5,2026-09-09T21:05:21.853008,Pataka,0.8,Right
647,5,2026-09-09T21:05:22.004085,Pataka,0.8,Right
648,5,2026-09-09T21:05:22.175276,Pataka,0.8,Right
649,5,2026-09-09T21:05:22.358161,Pataka,0.8,Right
650,5,2026-09-09T21:05:22.540479,Pataka,0.8,Right
651,5,2026-09-09T21:05:22.708440,Pataka,0.8,Right
652,5,2026-09-09T21:05:22.872907,Pataka,0.8,Right
653,5,2026-09-09T21:05:23.029792,Pataka,0.8,Right
654,5,2026-09-09T21:05:23.166270,Pataka,0.8,Right
655,5,2026-09-09T21:05:23.286598,Pataka,0.8,Right
656,5,2026-09-09T21:05:23.466436,Pataka,0.8,Right
657,5,2026-09-09T21:05:23.663299,Pataka,0.8,Right
658,5,2026-09-09T21:05:23.892681,Pataka,0.8,Right
659,5,2026-09-09T21:05:24.092600,Pataka,0.8,Right
660,5,2026-09-09T21:05:24.268277,Pataka,1.0,Right
661,5,2026-09-09T21:05:24.466197,Pataka,0.8,Right
662,5,2026-09-09T21:05:24.651686,Chandrakala,0.8,Right
663,5,2026-09-09T21:05:24.852909,Chandrakala,0.8,Right
664,5,2026-09-09T21:05:25.034148,Chandrakala,0.8,Right
665,5,2026-09-09T21:05:25.209677,Chandrakala,0.8,Right
666,5,2026-09-09T21:05:25.402203,Chandrakala,0.8,Right
667,5,2026-09-09T21:05:25.574266,Chandrakala,0.8,Right
668,5,2026-09-09T21:05:25.767557,Chandrakala,0.8,Right
669,5,2026-09-09T21:05:25.951773,Chandrakala,1.0,Right
670,5,2026-09-09T21:05:26.137024,Chandrakala,0.8,Right
671,5,2026-09-09T21:05:26.329617,Chandrakala,0.8,Right
672,5,2026-09-09T21:05:26.513027,Chandrakala,0.8,Right
673,5,2026-09-09T21:05:26.705833,Chandrakala,0.8,Right
674,5,2026-09-09T21:05:26.888538,Chandrakala,0.8,Right
675,5,2026-09-09T21:05:27.074082,Chandrakala,0.8,Right
676,5,2026-09-09T21:05:27.289270,Chandrakala,0.8,Right
677,5,2026-09-09T21:05:27.494264,Pataka,0.8,Right
678,5,2026-09-09T21:05:27.676853,Pataka,0.8,Right
679,5,2026-09-09T21:05:27.880291,Pataka,0.8,Right
680,5,2026-09-09T21:05:28.087222,Pataka,0.8,Right
681,5,2026-09-09T21:05:28.279298,Pataka,0.8,Right
682,5,2026-09-09T21:05:28.492675,Pataka,0.8,Right
683,5,2026-09-09T21:05:28.676154,Pataka,0.8,Right
684,5,2026-09-09T21:05:28.894869,Pataka,0.8,Right
685,5,2026-09-09T21:05:29.085485,Pataka,0.8,Right
686,5,2026-09-09T21:05:29.264691,Pataka,0.8,Right
687,5,2026-09-09T21:05:29.451749,Pataka,0.8,Right
688,5,2026-09-09T21:05:29.638897,Pataka,0.8,Right
689,5,2026-09-09T21:05:29.839205,Pataka,0.8,Right
690,5,2026-09-09T21:05:30.027155,Pataka,0.8,Right
691,5,2026-09-09T21:05:30.208142,Pataka,1.0,Right
692,5,2026-09-09T21:05:30.396722,Pataka,1.0,Right
693,5,2026-09-09T21:05:30.616104,Mushti,1.0,Right
694,5,2026-09-09T21:05:30.828869,Mushti,1.0,Right
695,5,2026-09-09T21:05:31.061848,Mushti,1.0,Right
696,5,2026-09-09T21:05:31.265293,Mushti,1.0,Right
697,5,2026-09-09T21:05:31.455908,Mushti,1.0,Left
698,5,2026-09-09T21:05:47.154036,Mushti,1.0,Right
699,5,2026-09-09T21:05:47.318889,Mushti,1.0,Right
700,5,2026-09-09T21:05:47.488284,Mushti,1.0,Right
701,5,2026-09-09T21:05:47.649482,Mushti,1.0,Right
702,5,2026-09-09T21:05:47.787865,Mushti,1.0,Right
703,5,2026-09-09T21:05:47.920114,Mushti,1.0,Right
704,5,2026-09-09T21:05:48.081839,Mushti,1.0,Right
705,5,2026-09-09T21:05:48.238973,Mushti,1.0,Right
706,5,2026-09-09T21:05:48.390331,Mushti,1.0,Right
707,5,2026-09-09T21:05:48.540675,Mushti,1.0,Right
708,5,2026-09-09T21:05:48.684565,Mushti,1.0,Right
709,5,2026-09-09T21:05:48.914274,Mushti,1.0,Right
710,5,2026-09-09T21:05:49.080352,Mushti,1.0,Right
711,5,2026-09-09T21:05:49.241331,Mushti,1.0,Right
712,5,2026-09-09T21:05:49.551979,Mushti,1.0,Right
713,5,2026-09-09T21:05:49.738348,Mushti,1.0,Right
714,5,2026-09-09T21:05:49.909871,Mushti,1.0,Right
715,5,2026-09-09T21:05:50.402897,Mushti,1.0,Right
716,5,2026-09-09T21:05:50.714811,Mushti,1.0,Right
717,5,2026-09-09T21:05:50.874835,Mushti,1.0,Right
718,5,2026-09-09T21:05:51.046269,Mushti,1.0,Right
719,5,2026-09-09T21:05:51.335967,Mushti,1.0,Right
720,5,2026-09-09T21:05:51.637357,Mushti,1.0,Right
721,5,2026-09-09T21:05:51.789401,Mushti,1.0,Right
722,5,2026-09-09T21:05:51.933736,Mushti,1.0,Right
723,5,2026-09-09T21:05:52.462849,Mushti,1.0,Right
724,5,2026-09-09T21:05:52.733839,Mushti,1.0,Right
725,5,2026-09-09T21:05:52.896038,Mushti,1.0,Right
726,5,2026-09-09T21:05:53.042376,Mushti,1.0,Right
727,5,2026-09-09T21:05:53.333107,Mushti,1.0,Left
728,5,2026-09-09T21:05:53.499170,Mushti,1.0,Left
729,5,2026-09-09T21:05:53.661156,Mushti,1.0,Right
730,5,2026-09-09T21:05:53.820798,Mushti,1.0,Right
731,5,2026-09-09T21:05:53.978810,Mushti,1.0,Right
732,5,2026-09-09T21:05:54.146993,Mushti,1.0,Right
733,5,2026-09-09T21:05:54.309960,Mushti,1.0,Right
734,5,2026-09-09T21:05:54.480671,Mushti,1.0,Right
735,5,2026-09-09T21:05:54.644544,Mushti,1.0,Right
736,5,2026-09-09T21:05:54.814407,Mushti,1.0,Right
737,5,2026-09-09T21:05:54.986151,Mushti,1.0,Right
738,5,2026-09-09T21:05:55.142082,Mushti,1.0,Right
739,5,2026-09-09T21:05:55.332207,Mushti,1.0,Right
740,5,2026-09-09T21:05:55.524115,Mushti,1.0,Right
741,5,2026-09-09T21:05:55.696029,Mushti,1.0,Right
742,5,2026-09-09T21:05:55.869681,Mushti,1.0,Right
743,5,2026-09-09T21:05:56.086152,Shikhara,1.0,Right
744,5,2026-09-09T21:05:56.202006,Shikhara,1.0,Right
745,5,2026-09-09T21:05:56.308175,Shikhara,1.0,Right
746,5,2026-09-09T21:05:56.424481,Shikhara,1.0,Right
747,5,2026-09-09T21:05:56.547276,Shikhara,1.0,Right
748,5,2026-09-09T21:05:56.662025,Shikhara,1.0,Right
749,5,2026-09-09T21:05:56.770773,Shikhara,1.0,Right
750,5,2026-09-09T21:05:56.879430,Shikhara,1.0,Right
751,5,2026-09-09T21:05:56.989879,Shikhara,1.0,Right
752,5,2026-09-09T21:05:57.100747,Shikhara,1.0,Right
753,5,2026-09-09T21:05:57.216461,Shikhara,1.0,Right
754,5,2026-09-09T21:05:57.323915,Shikhara,1.0,Right
755,5,2026-09-09T21:05:57.436676,Shikhara,1.0,Right
756,5,2026-09-09T21:05:57.548573,Shikhara,1.0,Right
757,5,2026-09-09T21:05:57.656882,Shikhara,1.0,Right
758,5,2026-09-09T21:05:57.760234,Shikhara,1.0,Right
759,5,2026-09-09T21:05:57.875093,Shikhara,1.0,Right
760,5,2026-09-09T21:05:57.989500,Shikhara,1.0,Right
761,5,2026-09-09T21:05:58.099794,Shikhara,1.0,Right
762,5,2026-09-09T21:05:58.212971,Shikhara,1.0,Right
763,5,2026-09-09T21:05:58.321887,Shikhara,1.0,Right
764,5,2026-09-09T21:05:58.424960,Shikhara,1.0,Right
765,5,2026-09-09T21:05:58.538347,Shikhara,1.0,Right
766,5,2026-09-09T21:05:58.643447,Shikhara,1.0,Right
767,5,2026-09-09T21:05:58.754658,Shikhara,1.0,Right
768,5,2026-09-09T21:05:58.866021,Shikhara,1.0,Right
769,5,2026-09-09T21:05:59.045910,Shikhara,1.0,Right
770,5,2026-09-09T21:05:59.167169,Shikhara,1.0,Right
771,5,2026-09-09T21:05:59.331232,Shikhara,1.0,Right
772,5,2026-09-09T21:05:59.534672,Shikhara,1.0,Right
773,5,2026-09-09T21:05:59.770561,Shikhara,1.0,Right
774,5,2026-09-09T21:05:59.909661,Shikhara,1.0,Right
775,5,2026-09-09T21:06:00.023611,Shikhara,1.0,Right
776,5,2026-09-09T21:06:00.144189,Shikhara,1.0,Right
777,5,2026-09-09T21:06:00.321666,Shikhara,1.0,Right
778,5,2026-09-09T21:06:00.493833,Shikhara,1.0,Right
779,5,2026-09-09T21:06:00.656539,Shikhara,1.0,Right
780,5,2026-09-09T21:06:00.861450,Shikhara,1.0,Right
781,5,2026-09-09T21:06:01.042411,Shikhara,1.0,Right
782,5,2026-09-09T21:06:01.213484,Shikhara,1.0,Right
783,5,2026-09-09T21:06:01.374479,Shikhara,0.8,Right
784,5,2026-09-09T21:06:01.563492,Shikhara,0.8,Right
785,5,2026-09-09T21:06:01.746638,Shikhara,0.8,Right
786,5,2026-09-09T21:06:01.935100,Shikhara,0.8,Right
787,5,2026-09-09T21:06:02.125445,Shikhara,0.8,Right
788,5,2026-09-09T21:06:02.310150,Shikhara,0.8,Right
789,5,2026-09-09T21:06:02.499222,Shikhara,0.8,Right
790,5,2026-09-09T21:06:02.682904,Shikhara,0.8,Right
791,5,2026-09-09T21:06:02.877298,Shikhara,0.8,Right
792,5,2026-09-09T21:06:03.069170,Shikhara,0.8,Right
793,5,2026-09-09T21:06:03.255780,Shikhara,0.8,Right
794,5,2026-09-09T21:06:03.443437,Shikhara,0.8,Right
795,5,2026-09-09T21:06:03.624628,Shikhara,0.8,Right
796,5,2026-09-09T21:06:03.820240,Shikhara,0.8,Right
797,5,2026-09-09T21:06:04.010126,Shikhara,0.8,Right
798,5,2026-09-09T21:06:04.202556,Shikhara,0.8,Right
799,5,2026-09-09T21:06:04.392144,Shikhara,0.8,Right
800,5,2026-09-09T21:06:04.583244,Shikhara,0.8,Right
801,5,2026-09-09T21:06:04.765747,Shikhara,0.8,Right
802,5,2026-09-09T21:06:04.968056,Shikhara,0.8,Right
803,5,2026-09-09T21:06:05.151221,Shikhara,0.8,Right
804,5,2026-09-09T21:06:05.352673,Shikhara,0.8,Right
805,5,2026-09-09T21:06:05.532734,Shikhara,0.8,Right
806,5,2026-09-09T21:06:05.733791,Shikhara,0.8,Right
807,5,2026-09-09T21:06:05.939823,Shikhara,0.8,Right
808,5,2026-09-09T21:06:06.148812,Shikhara,0.8,Right
809,5,2026-09-09T21:06:06.338440,Shikhara,0.8,Right
810,5,2026-09-09T21:06:06.521735,Shikhara,0.8,Right
811,5,2026-09-09T21:06:06.700399,Shikhara,0.8,Right
812,5,2026-09-09T21:06:06.811617,Shikhara,0.8,Right
813,5,2026-09-09T21:06:06.922604,Shikhara,0.8,Right
814,5,2026-09-09T21:06:07.033084,Shikhara,0.8,Right
815,5,2026-09-09T21:06:07.144027,Shikhara,0.8,Right
816,5,2026-09-09T21:06:07.277024,Shikhara,0.8,Right
817,5,2026-09-09T21:06:07.386224,Shikhara,0.8,Right
818,5,2026-09-09T21:06:07.500482,Shikhara,0.8,Right
819,5,2026-09-09T21:06:07.620201,Shikhara,0.8,Right
820,5,2026-09-09T21:06:07.732856,Shikhara,0.8,Right
821,5,2026-09-09T21:06:07.941341,Shikhara,0.8,Right
822,5,2026-09-09T21:06:08.130457,Shikhara,1.0,Right
823,5,2026-09-09T21:06:08.311720,Shikhara,1.0,Right
824,5,2026-09-09T21:06:08.503793,Chandrakala,0.8,Right
825,5,2026-09-09T21:06:08.691082,Chandrakala,0.8,Right
826,5,2026-09-09T21:06:08.876234,Chandrakala,0.8,Right
827,5,2026-09-09T21:06:09.068112,Chandrakala,0.8,Right
828,5,2026-09-09T21:06:09.257197,Chandrakala,0.8,Right
829,5,2026-09-09T21:06:09.441584,Chandrakala,1.0,Right
830,5,2026-09-09T21:06:09.636794,Chandrakala,1.0,Right
831,5,2026-09-09T21:06:09.838196,Mrigashirsha,1.0,Right
832,5,2026-09-09T21:06:10.037667,Mrigashirsha,1.0,Right
833,5,2026-09-09T21:06:10.224021,Mrigashirsha,1.0,Right
834,5,2026-09-09T21:06:10.433354,Mrigashirsha,1.0,Right
835,5,2026-09-09T21:06:10.618475,Mrigashirsha,1.0,Right
836,5,2026-09-09T21:06:10.812053,Mrigashirsha,1.0,Right
837,5,2026-09-09T21:06:11.001277,Mrigashirsha,1.0,Right
838,5,2026-09-09T21:06:11.208102,Mrigashirsha,0.8,Right
839,5,2026-09-09T21:06:11.411490,Mrigashirsha,1.0,Right
840,5,2026-09-09T21:06:11.622180,Mrigashirsha,1.0,Right
841,5,2026-09-09T21:06:11.820837,Simhamukha,1.0,Right
842,5,2026-09-09T21:06:12.012854,Simhamukha,1.0,Right
843,5,2026-09-09T21:06:12.204828,Simhamukha,1.0,Right
844,5,2026-09-09T21:06:12.387046,Simhamukha,1.0,Right
845,5,2026-09-09T21:06:12.585896,Simhamukha,1.0,Right
846,5,2026-09-09T21:06:12.765256,Simhamukha,1.0,Right
847,5,2026-09-09T21:06:12.950974,Simhamukha,1.0,Right
848,5,2026-09-09T21:06:13.141792,Simhamukha,1.0,Right
849,5,2026-09-09T21:06:13.335348,Simhamukha,1.0,Right
850,5,2026-09-09T21:06:13.515699,Simhamukha,1.0,Right
851,5,2026-09-09T21:06:13.646805,Simhamukha,1.0,Right
852,5,2026-09-09T21:06:13.758672,Simhamukha,1.0,Right
853,5,2026-09-09T21:06:13.875313,Simhamukha,1.0,Right
854,5,2026-09-09T21:06:13.998014,Simhamukha,1.0,Right
855,5,2026-09-09T21:06:14.106806,Simhamukha,1.0,Right
856,5,2026-09-09T21:06:14.220227,Simhamukha,1.0,Right
857,5,2026-09-09T21:06:14.324136,Simhamukha,1.0,Right
858,5,2026-09-09T21:06:14.437768,Simhamukha,1.0,Right
859,5,2026-09-09T21:06:14.555083,Simhamukha,1.0,Right
860,5,2026-09-09T21:06:14.683037,Simhamukha,1.0,Right
